race_id,race_name,umaban,horse_name,jockey,top3_probability(%),relative_share(%),score
202605040305,2歳新馬,1,サトノカグラ,ルメール,20.4,38.9,-0.8047691166023581
202605040305,2歳新馬,4,スノーヴァ,三浦,9.3,15.6,-1.7168798173522901
202605040305,2歳新馬,10,アスクゴクジョウ,戸崎圭,7.4,10.5,-2.1190821187984747
202605040305,2歳新馬,6,リカジョンファンク,大野,4.3,7.7,-2.420939441726592
202605040305,2歳新馬,7,ルナトレイル,横山和,4.2,6.3,-2.6208089674781125
202605040305,2歳新馬,11,リュウゴリーベ,石橋脩,2.0,4.7,-2.917163316052215
202605040305,2歳新馬,2,カーラベッリーナ,津村,1.8,4.0,-3.0795439325528617
202605040305,2歳新馬,12,チャリンコリン,◇小林美,1.8,3.9,-3.0928335982543387
202605040305,2歳新馬,5,ルミエールノット,吉田豊,0.0,2.7,-3.4745493171887554
202605040305,2歳新馬,3,ゲームアビリティー,木幡巧,0.0,2.6,-3.5227599489287265
202605040305,2歳新馬,8,アラヤシキ,嶋田,0.0,1.6,-3.9977270467113137
202605040305,2歳新馬,9,チリチョウズ,柴田大,0.0,1.4,-4.09751698914608
202605040306,2歳新馬,13,ランギヌイ,ルメール,30.2,53.9,-0.12684748005956392
202605040306,2歳新馬,7,カゼノロマン,戸崎圭,7.4,7.3,-2.128783031798927
202605040306,2歳新馬,12,キャンディリヒト,横山和,4.3,5.9,-2.345203424924761
202605040306,2歳新馬,6,ルーチェカーロ,横山武,4.2,4.6,-2.5844318559292705
202605040306,2歳新馬,3,セラフィムコード,◇小林美,4.2,4.5,-2.6021266595629795
202605040306,2歳新馬,2,メノルカ,丹内,2.0,3.6,-2.828535605195183
202605040306,2歳新馬,8,フェロックス,三浦,2.0,3.5,-2.8637105477283833
202605040306,2歳新馬,10,ポートマンロード,大野,2.0,3.5,-2.870139963530252
202605040306,2歳新馬,9,ブレイクソロ,斎藤,2.0,3.2,-2.936214473249979
202605040306,2歳新馬,14,キセキノアスク,田辺,2.0,3.1,-2.9930576492644194
202605040306,2歳新馬,1,クラウンスティーズ,内田博,1.8,2.5,-3.1875026121892582
202605040306,2歳新馬,5,レイロウレンズ,木幡初,0.0,1.8,-3.543051952093125
202605040306,2歳新馬,4,ナムラマシュー,丸田,0.0,1.4,-3.768272199135784
202605040306,2歳新馬,11,ジーティーストーム,原,0.0,1.3,-3.864773443007234
202605040309,陣馬特別,2,ノクターン,ルメール,33.5,49.1,0.011600847417172936
202605040309,陣馬特別,7,ジュンツバメガエシ,戸崎圭,16.2,17.3,-1.0319012132710368
202605040309,陣馬特別,3,ノラリクラリ,佐々木,9.3,9.8,-1.5978082658847261
202605040309,陣馬特別,8,イクリール,原,7.4,6.7,-1.9863572950131092
202605040309,陣馬特別,6,キングズトゥルー,丸田,4.3,4.9,-2.3025629728641994
202605040309,陣馬特別,1,リュクスパトロール,ミシェル,4.2,3.7,-2.5696062891895566
202605040309,陣馬特別,9,ノーブルクライ,丹内,4.2,3.2,-2.705541581438753
202605040309,陣馬特別,5,レイデラルース,杉原,2.3,3.2,-2.7331713054955116
202605040309,陣馬特別,4,ビップチェイス,江田照,1.8,2.1,-3.1493735613532965
202605040311,サウジアラビアRC,5,フィリオソラーレ,ルメール,30.2,29.7,-0.14094890903724797
202605040311,サウジアラビアRC,3,サトノハクマイ,戸崎圭,13.9,10.4,-1.1855903736563307
202605040311,サウジアラビアRC,6,ベルウッドディープ,三浦,13.9,10.4,-1.1940135780239423
202605040311,サウジアラビアRC,8,グルーヴェンス,横山武,10.9,7.8,-1.480508496540351
202605040311,サウジアラビアRC,2,デミアン,斎藤,9.3,6.8,-1.6199410936373801
202605040311,サウジアラビアRC,11,ハンサム,丹内,9.3,6.7,-1.6308045297002751
202605040311,サウジアラビアRC,4,アゴルディーノ,横山和,9.3,6.6,-1.6500535040855917
202605040311,サウジアラビアRC,1,ギブリ,横山典,9.3,6.4,-1.6732299465808067
202605040311,サウジアラビアRC,9,ジップスパーク,田辺,9.3,5.4,-1.8427876880588059
202605040311,サウジアラビアRC,10,アイファーマーリン,松岡,7.4,5.1,-1.9111618202032457
202605040311,サウジアラビアRC,7,ニシノトラノスケ,菊沢,7.4,4.8,-1.9587729229358848
202608040305,2歳新馬,8,キューティボンド,川田,16.8,26.7,-0.970338393257883
202608040305,2歳新馬,6,ドンクラッシュ,池添,9.3,12.2,-1.7552286395967587
202608040305,2歳新馬,4,アイデア,吉村,7.8,10.7,-1.883475365548261
202608040305,2歳新馬,1,サラサランラン,西塚,7.4,9.7,-1.987451839798285
202608040305,2歳新馬,2,ハニーベル,西村淳,7.4,9.2,-2.030023115905897
202608040305,2歳新馬,14,ジョワイエトワール,Ｍデムーロ,4.3,6.5,-2.3896115427933666
202608040305,2歳新馬,3,クインズアンジェロ,小沢,4.2,4.9,-2.666144798092861
202608040305,2歳新馬,9,モズモーク,松若,4.2,4.8,-2.68934889590739
202608040305,2歳新馬,12,ドマ,国分優,1.8,3.2,-3.1006530274560498
202608040305,2歳新馬,11,マリアーナ,高倉,1.8,3.0,-3.161460154475115
202608040305,2歳新馬,13,ワールドプラージュ,幸,0.0,2.8,-3.2323499156157443
202608040305,2歳新馬,7,トゥルーライフ,富田,0.0,2.3,-3.419658394838617
202608040305,2歳新馬,5,ハクサンゲント,☆田山,0.0,2.2,-3.4739305005013037
202608040305,2歳新馬,10,テンカ,田口,0.0,2.0,-3.570391516947588
202608040310,宇治川特別,11,マーゴットラヴミー,池添,20.8,18.4,-0.6865114737808381
202608040310,宇治川特別,15,ワンコールアウェイ,松若,13.9,11.1,-1.19015998384577
202608040310,宇治川特別,14,キングケープ,西塚,10.9,9.1,-1.3959781730046499
202608040310,宇治川特別,1,タガノアンファン,菱田,10.9,8.5,-1.455849335942258
202608040310,宇治川特別,13,タナスーペルノーバ,今村,9.3,6.8,-1.6874589479638786
202608040310,宇治川特別,6,エルハーベン,田山,9.3,6.4,-1.7403436344191359
202608040310,宇治川特別,3,ブルーサンセット,吉村,9.3,6.3,-1.756086014544453
202608040310,宇治川特別,2,ノボリリア,武豊,9.3,6.3,-1.763470092327005
202608040310,宇治川特別,5,アスゴッド,古川奈,9.3,6.0,-1.8065906435810624
202608040310,宇治川特別,12,テーオーシュタイン,藤懸,8.8,5.8,-1.8501539755890288
202608040310,宇治川特別,10,ヤマニンレセディ,角田和,7.4,5.0,-2.0001492051448118
202608040310,宇治川特別,7,アイルドリアン,小沢,4.3,3.9,-2.2424458316995297
202608040310,宇治川特別,9,ヒーローインチーフ,高杉,4.3,3.2,-2.4319389498248607
202608040310,宇治川特別,8,ウチュウノセカイ,秋山稔,2.0,2.1,-2.8651365707250362
202608040310,宇治川特別,4,プチプラージュ,幸,0.0,1.1,-3.4649723434716133
